AlexisFfrench-One(SoloPianoVersion).mp3, Poignant
Lekk-Wurzeln.mp3, Contemplative
JennaZabrosky-Irises.mp3, Contemplative
KlurOle-BjørnTalstad-Entangled(Ole-BjørnTalstadRework).mp3, Contemplative
AliToygar-Octaves.mp3, Contemplative
AlvaBrunel-StudyforProun.mp3, Contemplative
DennisKuo-ABrokenHeartHealswithTime.mp3, Melancholic
NormanDück-EinkurzerAugenblick.mp3, Serene
AlexisFfrench-Heartbeats(SoloPianoVersion).mp3, Poignant
LukeFaulkner-Lifeandloss.mp3, Poignant
ChadLawson-DanceYouPretty.mp3, Reflective
LukeFaulkner-Daydreaming.mp3, Poignant
Wanderer'sTrove-MidsummerWaltz.mp3, Serene
Saiakoup-Ribls.mp3, Reflective
AlexisFfrench-Songbird(SoloPianoVersion).mp3, Contemplative
麗美-BeforeitGetsDark.mp3, Serene
JohannesBornlöf-TurtleSwim.mp3, Nostalgic
Phildel-TheKiss.mp3, Poignant
西村由紀江-やさしさ.mp3, Wistful
JaseMoran-AegeanFantaisie.mp3, Pensive
MelodyofSound-MorningSong.mp3, Serene
LeefKjos-Hjem.mp3, Pensive
Pianoi-어제보다오늘더사랑합니다.mp3, Serene
RobSimonsen-Blue.mp3, Melancholy
AlexisFfrenchRoyalLiverpoolPhilharmonicOrchestraJamesMorganGrahamDevine-Dreamland.mp3, Evocative
Moux-withmewithyou.mp3, Calm
AlexisFfrench-TogetherAtLast.mp3, Wistful
PhilServati-WindofChange.mp3, Pensive
AlexisFfrench-Exhale.mp3, Heartfelt
DennisKuo-TrackinTime(PianoVersion).mp3, Reflective
AlexisFfrench-AtLast(SoloPianoVersion).mp3, Contemplative
BenCrosland-TheTurn.mp3, Nostalgic
Lekk-GlassStone.mp3, Serene
AlexisFfrench-Rivers(SoloPianoVersion).mp3, Contemplative
PhilServati-GoldenOak.mp3, Serene
EverSoBlue-Onthou.mp3, Pensive
OmriGrummetNadavAmir-Himmel-Fusionnelle.mp3, Serene
下山亮平-花と木漏れ日.mp3, Contemplative
ItokoToma-Yokaze.mp3, Wistful
JoshKramer-Toivoa.mp3, Serene
AlexisFfrench-Wishing.mp3, Wistful
SeanOban-Ripples.mp3, Serene
WilliamCas-HourofRest.mp3, Contemplative
MelodyofSound-HymnForus.mp3, Reflective
JoshAlexander-WhereThere'sBreathThere'sHope.mp3, Contemplative
ValentinaRomano-Ombre.mp3, Reflective
AlexisFfrench-SimpleGifts.mp3, Poignant
JozefDeSchutter-Lyrides.mp3, Reflective
土星皇家交响乐团-肖邦：降E大调夜曲Op.9No.2.mp3, Wistful
小瀬村晶-Asymptote.mp3, Serene
fsm-team-eagle72.mp3, Relaxing
fsm-team-escp-twilight-city66.mp3, Nostalgic
punch-deck-ethereal50.mp3, Serene
Borealis48.mp3, Contemplative
scott-buckley-what-we-dont-say60.mp3, Contemplative
barradeen-my-way55.mp3, Soothing
alexander-nakarada-burt-s-requiem48.mp3, Contemplative
sunset66.mp3, Mellow
gudji-autumn-waltz66.mp3, Chill
scott-buckley-there-is-a-place50.mp3, Poignant
alexander-nakarada-fjeld68.mp3, Epic
jay-someday-glory72.mp3, Mellow
alex-productions-free-relaxing-chill-music-arnor60.mp3, Tranquil
scott-buckley-discovery60.mp3, Awe-inspiring
scott-buckley-computations-in-a-snowstorm48.mp3, Poignant
scott-buckley-the-distant-sun50.mp3, Awe-inspiring
rexlambo-sunrise55.mp3, Relaxing
alexander-nakarada-uplifting-ballad68.mp3, Uplifting
savfk-the-path68.mp3, Intense
scott-buckley-a-kind-of-hope55.mp3, Moving
scott-buckley-she-moved-mountains55.mp3, Ethereal